timestamp,close,source_index,equity,daily_return
2021-04-14,90.66999816894531,0,100000.0,0.0
2021-04-15,90.2699966430664,1,100000.0,0.0
2021-04-16,90.66000366210938,2,100000.0,0.0
2021-04-19,88.41000366210938,3,100000.0,0.0
2021-04-20,87.4800033569336,4,100000.0,0.0
2021-04-21,89.48999786376953,5,100000.0,0.0
2021-04-22,84.70999908447266,6,100000.0,0.0
2021-04-23,86.02999877929688,7,100000.0,0.0
2021-04-26,87.83999633789062,8,100000.0,0.0
2021-04-27,89.45999908447266,9,100000.0,0.0
2021-04-28,86.02999877929688,10,100000.0,0.0
2021-04-29,88.05999755859375,11,100000.0,0.0
2021-04-30,86.06999969482422,12,100000.0,0.0
2021-05-03,85.0199966430664,13,100000.0,0.0
2021-05-04,84.41000366210938,14,100000.0,0.0
2021-05-05,85.1500015258789,15,100000.0,0.0
2021-05-06,84.80000305175781,16,100000.0,0.0
2021-05-07,85.9800033569336,17,100000.0,0.0
2021-05-10,80.8499984741211,18,100000.0,0.0
2021-05-11,80.68000030517578,19,100000.0,0.0
2021-05-12,76.80000305175781,20,100000.0,0.0
2021-05-13,77.19000244140625,21,100000.0,0.0
2021-05-14,79.69999694824219,22,100000.0,0.0
2021-05-17,80.38999938964844,23,100000.0,0.0
2021-05-18,78.87999725341797,24,100000.0,0.0
2021-05-19,79.93000030517578,25,100000.0,0.0
2021-05-20,81.12999725341797,26,100000.0,0.0
2021-05-21,80.72000122070312,27,100000.0,0.0
2021-05-24,82.9000015258789,28,100000.0,0.0
2021-05-25,81.2300033569336,29,100000.0,0.0
2021-05-26,82.23999786376953,30,100000.0,0.0
2021-05-27,83.93000030517578,31,100000.0,0.0
2021-05-28,84.13999938964844,32,100000.0,0.0
2021-06-01,84.1500015258789,33,100000.0,0.0
2021-06-02,84.33999633789062,34,100000.0,0.0
2021-06-03,82.02999877929688,35,100000.0,0.0
2021-06-04,83.76000213623047,36,100000.0,0.0
2021-06-07,84.04000091552734,37,100000.0,0.0
2021-06-08,80.52999877929688,38,100000.0,0.0
2021-06-09,78.66000366210938,39,100000.0,0.0
2021-06-10,79.27999877929688,40,100000.0,0.0
2021-06-11,79.33999633789062,41,100000.0,0.0
2021-06-14,80.48999786376953,42,100000.0,0.0
2021-06-15,82.18000030517578,43,100000.0,0.0
2021-06-16,80.48999786376953,44,100000.0,0.0
2021-06-17,80.63999938964844,45,100000.0,0.0
2021-06-18,76.94999694824219,46,100000.0,0.0
2021-06-21,77.06999969482422,47,100000.0,0.0
2021-06-22,77.66000366210938,48,100000.0,0.0
2021-06-23,79.0199966430664,49,100000.0,0.0
2021-06-24,80.58000183105469,50,100000.0,0.0
2021-06-25,82.02999877929688,51,100000.0,0.0
2021-06-28,83.37999725341797,52,100000.0,0.0
2021-06-29,82.93000030517578,53,100000.0,0.0
2021-06-30,84.9800033569336,54,100000.0,0.0
2021-07-01,80.11000061035156,55,100000.0,0.0
2021-07-02,80.33000183105469,56,100000.0,0.0
2021-07-06,81.08000183105469,57,100000.0,0.0
2021-07-07,78.22000122070312,58,100000.0,0.0
2021-07-08,77.11000061035156,59,100000.0,0.0
2021-07-09,78.73999786376953,60,100000.0,0.0
2021-07-12,79.55999755859375,61,100000.0,0.0
2021-07-13,78.44999694824219,62,100000.0,0.0
2021-07-14,78.48999786376953,63,100000.0,0.0
2021-07-15,76.91999816894531,64,100000.0,0.0
2021-07-16,75.01000213623047,65,100000.0,0.0
2021-07-19,74.58000183105469,66,100000.0,0.0
2021-07-20,75.38999938964844,67,100000.0,0.0
2021-07-21,77.19000244140625,68,100000.0,0.0
2021-07-22,75.52999877929688,69,100000.0,0.0
2021-07-23,75.94000244140625,70,100000.0,0.0
2021-07-26,76.30000305175781,71,100000.0,0.0
2021-07-27,74.22000122070312,72,100000.0,0.0
2021-07-28,75.55000305175781,73,100000.0,0.0
2021-07-29,77.08000183105469,74,100000.0,0.0
2021-07-30,77.58000183105469,75,100000.0,0.0
2021-08-02,77.63999938964844,76,100000.0,0.0
2021-08-03,80.86000061035156,77,100000.0,0.0
2021-08-04,81.9800033569336,78,100000.0,0.0
2021-08-05,81.48999786376953,79,100000.0,0.0
2021-08-06,82.0,80,100000.0,0.0
2021-08-09,80.20999908447266,81,100000.0,0.0
2021-08-10,75.91000366210938,82,100000.0,0.0
2021-08-11,75.02999877929688,83,100000.0,0.0
2021-08-12,70.25,84,100000.0,0.0
2021-08-13,70.91999816894531,85,100000.0,0.0
2021-08-16,70.93000030517578,86,100000.0,0.0
2021-08-17,70.77999877929688,87,100000.0,0.0
2021-08-18,70.62000274658203,88,100000.0,0.0
2021-08-19,70.27999877929688,89,100000.0,0.0
2021-08-20,70.2300033569336,90,100000.0,0.0
2021-08-23,71.73999786376953,91,100000.0,0.0
2021-08-24,71.9800033569336,92,100000.0,0.0
2021-08-25,74.04000091552734,93,100000.0,0.0
2021-08-26,72.7699966430664,94,100000.0,0.0
2021-08-27,74.0,95,100000.0,0.0
2021-08-30,73.16000366210938,96,100000.0,0.0
2021-08-31,73.69999694824219,97,100000.0,0.0
2021-09-01,73.72000122070312,98,100000.0,0.0
2021-09-02,73.98999786376953,99,100000.0,0.0
2021-09-03,73.80999755859375,100,100000.0,0.0
2021-09-07,73.63999938964844,101,100000.0,0.0
2021-09-08,72.2699966430664,102,100000.0,0.0
2021-09-09,72.87000274658203,103,100000.0,0.0
2021-09-10,73.5,104,100000.0,0.0
2021-09-13,74.3499984741211,105,100000.0,0.0
2021-09-14,73.48999786376953,106,100000.0,0.0
2021-09-15,73.81999969482422,107,100000.0,0.0
2021-09-16,74.62999725341797,108,100000.0,0.0
2021-09-17,74.30000305175781,109,100000.0,0.0
2021-09-20,72.37000274658203,110,100000.0,0.0
2021-09-21,72.13999938964844,111,100000.0,0.0
2021-09-22,73.97000122070312,112,100000.0,0.0
2021-09-23,74.04000091552734,113,100000.0,0.0
2021-09-24,74.05000305175781,114,100000.0,0.0
2021-09-27,75.18000030517578,115,100000.0,0.0
2021-09-28,73.0999984741211,116,100000.0,0.0
2021-09-29,71.63999938964844,117,100000.0,0.0
2021-09-30,70.9800033569336,118,100000.0,0.0
2021-10-01,70.98999786376953,119,100000.0,0.0
2021-10-04,70.62000274658203,120,100000.0,0.0
2021-10-05,70.5,121,100000.0,0.0
2021-10-06,69.94000244140625,122,100000.0,0.0
2021-10-07,70.54000091552734,123,100000.0,0.0
2021-10-08,70.12000274658203,124,100000.0,0.0
2021-10-11,69.22000122070312,125,100000.0,0.0
2021-10-12,66.72000122070312,126,100000.0,0.0
2021-10-13,66.37999725341797,127,100000.0,0.0
2021-10-14,67.80000305175781,128,100000.0,0.0
2021-10-15,67.68000030517578,129,100000.0,0.0
2021-10-18,67.26000213623047,130,100000.0,0.0
2021-10-19,67.56999969482422,131,100000.0,0.0
2021-10-20,68.2699966430664,132,100000.0,0.0
2021-10-21,68.63999938964844,133,100000.0,0.0
2021-10-22,67.51000213623047,134,100000.0,0.0
2021-10-25,68.76000213623047,135,100000.0,0.0
2021-10-26,68.94000244140625,136,100000.0,0.0
2021-10-27,68.23999786376953,137,100000.0,0.0
2021-10-28,69.58000183105469,138,100000.0,0.0
2021-10-29,69.0999984741211,139,100000.0,0.0
2021-11-01,70.69999694824219,140,100000.0,0.0
2021-11-02,70.76000213623047,141,100000.0,0.0
2021-11-03,71.25,142,100000.0,0.0
2021-11-04,72.23999786376953,143,100000.0,0.0
2021-11-05,72.91999816894531,144,100000.0,0.0
2021-11-08,74.55999755859375,145,100000.0,0.0
2021-11-09,75.58999633789062,146,100000.0,0.0
2021-11-10,73.41000366210938,147,100000.0,0.0
2021-11-11,74.55000305175781,148,100000.0,0.0
2021-11-12,77.30000305175781,149,100000.0,0.0
2021-11-15,76.77999877929688,150,100000.0,0.0
2021-11-16,76.80999755859375,151,100000.0,0.0
2021-11-17,75.45999908447266,152,100000.0,0.0
2021-11-18,77.0199966430664,153,100000.0,0.0
2021-11-19,83.02999877929688,154,100000.0,0.0
2021-11-22,83.86000061035156,155,100000.0,0.0
2021-11-23,85.41000366210938,156,100000.0,0.0
2021-11-24,86.20999908447266,157,100000.0,0.0
2021-11-26,83.41999816894531,158,100000.0,0.0
2021-11-29,86.13999938964844,159,100000.0,0.0
2021-11-30,84.0,160,100000.0,0.0
2021-12-01,85.1500015258789,161,100000.0,0.0
2021-12-02,82.87999725341797,162,100000.0,0.0
2021-12-03,81.62000274658203,163,100000.0,0.0
2021-12-06,82.44999694824219,164,100000.0,0.0
2021-12-07,85.83000183105469,165,100000.0,0.0
2021-12-08,86.0199966430664,166,100000.0,0.0
2021-12-09,84.93000030517578,167,100000.0,0.0
2021-12-10,85.54000091552734,168,100000.0,0.0
2021-12-13,84.3499984741211,169,100000.0,0.0
2021-12-14,83.29000091552734,170,100000.0,0.0
2021-12-15,85.66000366210938,171,100000.0,0.0
2021-12-16,82.69000244140625,172,100000.0,0.0
2021-12-17,83.0,173,100000.0,0.0
2021-12-20,82.02999877929688,174,100000.0,0.0
2021-12-21,90.68000030517578,175,100000.0,0.0
2021-12-22,90.33999633789062,176,100000.0,0.0
2021-12-23,94.41999816894531,177,100000.0,0.0
2021-12-27,94.43000030517578,178,100000.0,0.0
2021-12-28,92.94000244140625,179,100000.0,0.0
2021-12-29,96.16999816894531,180,100000.0,0.0
2021-12-30,93.88999938964844,181,100000.0,0.0
2021-12-31,93.1500015258789,182,100000.0,0.0
2022-01-03,95.75,183,100000.0,0.0
2022-01-04,96.33999633789062,184,100000.0,0.0
2022-01-05,94.4000015258789,185,100000.0,0.0
2022-01-06,95.6500015258789,186,100000.0,0.0
2022-01-07,94.44999694824219,187,100000.0,0.0
2022-01-10,93.88999938964844,188,100000.0,0.0
2022-01-11,94.19999694824219,189,100000.0,0.0
2022-01-12,95.11000061035156,190,100000.0,0.0
2022-01-13,95.62000274658203,191,100000.0,0.0
2022-01-14,97.36000061035156,192,100000.0,0.0
2022-01-18,92.87000274658203,193,100000.0,0.0
2022-01-19,90.0,194,100000.0,0.0
2022-01-20,85.06999969482422,195,100000.0,0.0
2022-01-21,81.93000030517578,196,100000.0,0.0
2022-01-24,82.94999694824219,197,100000.0,0.0
2022-01-25,80.72000122070312,198,100000.0,0.0
2022-01-26,81.97000122070312,199,100000.0,0.0
2022-01-27,78.72000122070312,200,100000.0,0.0
2022-01-28,79.2699966430664,201,100000.0,0.0
2022-01-31,82.2699966430664,202,100000.0,0.0
2022-02-01,81.44999694824219,203,100000.0,0.0
2022-02-02,84.51000213623047,204,100000.0,0.0
2022-02-03,81.97000122070312,205,100000.0,0.0
2022-02-04,81.16999816894531,206,100000.0,0.0
2022-02-07,80.87000274658203,207,100000.0,0.0
2022-02-08,84.12000274658203,208,100000.0,0.0
2022-02-09,88.12000274658203,209,100000.0,0.0
2022-02-10,91.0199966430664,210,100000.0,0.0
2022-02-11,89.76000213623047,211,100000.0,0.0
2022-02-14,89.86000061035156,212,100000.0,0.0
2022-02-15,96.0,213,100000.0,0.0
2022-02-16,96.05999755859375,214,100000.0,0.0
2022-02-17,93.7300033569336,215,100000.0,0.0
2022-02-18,90.80000305175781,216,100000.0,0.0
2022-02-22,90.56999969482422,217,100000.0,0.0
2022-02-23,87.30999755859375,218,100000.0,0.0
2022-02-24,88.83000183105469,219,100000.0,0.0
2022-02-25,90.0999984741211,220,100000.0,0.0
2022-02-28,88.86000061035156,221,100000.0,0.0
2022-03-01,86.26000213623047,222,100000.0,0.0
2022-03-02,93.30000305175781,223,100000.0,0.0
2022-03-03,89.18000030517578,224,100000.0,0.0
2022-03-04,81.91000366210938,225,100000.0,0.0
2022-03-07,75.69999694824219,226,100000.0,0.0
2022-03-08,77.16000366210938,227,100000.0,0.0
2022-03-09,79.44000244140625,228,100000.0,0.0
2022-03-10,75.72000122070312,229,100000.0,0.0
2022-03-11,72.81999969482422,230,100000.0,0.0
2022-03-14,69.4000015258789,231,100000.0,0.0
2022-03-15,73.11000061035156,232,100000.0,0.0
2022-03-16,79.66999816894531,233,100000.0,0.0
2022-03-17,80.5199966430664,234,100000.0,0.0
2022-03-18,79.41000366210938,235,100000.0,0.0
2022-03-21,78.3499984741211,236,100000.0,0.0
2022-03-22,79.12000274658203,237,100000.0,0.0
2022-03-23,75.6500015258789,238,100000.0,0.0
2022-03-24,78.20999908447266,239,100000.0,0.0
2022-03-25,78.0999984741211,240,100000.0,0.0
2022-03-28,79.86000061035156,241,100000.0,0.0
2022-03-29,82.05000305175781,242,100000.0,0.0
2022-03-30,79.16000366210938,243,100000.0,0.0
2022-03-31,77.88999938964844,244,100000.0,0.0
2022-04-01,76.18000030517578,245,100000.0,0.0
2022-04-04,77.66999816894531,246,100000.0,0.0
2022-04-05,74.61000061035156,247,100000.0,0.0
2022-04-06,73.77999877929688,248,100000.0,0.0
2022-04-07,73.27999877929688,249,100000.0,0.0
2022-04-08,72.13999938964844,250,100000.0,0.0
2022-04-11,72.02999877929688,251,100000.0,0.0
2022-04-12,71.95999908447266,252,100000.0,0.0
2022-04-13,72.37999725341797,253,100000.0,0.0
2022-04-14,70.12999725341797,254,100000.0,0.0
2022-04-18,71.1500015258789,255,100000.0,0.0
2022-04-19,72.7300033569336,256,100000.0,0.0
2022-04-20,73.19999694824219,257,100000.0,0.0
2022-04-21,70.91999816894531,258,100000.0,0.0
2022-04-22,69.41000366210938,259,100000.0,0.0
2022-04-25,70.12000274658203,260,100000.0,0.0
2022-04-26,67.08000183105469,261,100000.0,0.0
2022-04-27,66.47000122070312,262,100000.0,0.0
2022-04-28,70.18000030517578,263,100000.0,0.0
2022-04-29,68.19000244140625,264,100000.0,0.0
2022-05-02,70.5999984741211,265,100000.0,0.0
2022-05-03,71.26000213623047,266,100000.0,0.0
2022-05-04,73.62000274658203,267,100000.0,0.0
2022-05-05,71.29000091552734,268,100000.0,0.0
2022-05-06,70.3499984741211,269,100000.0,0.0
2022-05-09,67.93000030517578,270,100000.0,0.0
2022-05-10,68.91000366210938,271,100000.0,0.0
2022-05-11,66.95999908447266,272,100000.0,0.0
2022-05-12,67.70999908447266,273,100000.0,0.0
2022-05-13,71.91999816894531,274,100000.0,0.0
2022-05-16,70.47000122070312,275,100000.0,0.0
2022-05-17,74.4800033569336,276,100000.0,0.0
2022-05-18,71.05000305175781,277,100000.0,0.0
2022-05-19,69.4000015258789,278,100000.0,0.0
2022-05-20,68.9000015258789,279,100000.0,0.0
2022-05-23,69.58999633789062,280,100000.0,0.0
2022-05-24,66.62000274658203,281,100000.0,0.0
2022-05-25,67.87000274658203,282,100000.0,0.0
2022-05-26,70.5999984741211,283,100000.0,0.0
2022-05-27,73.31999969482422,284,100000.0,0.0
2022-05-31,73.83999633789062,285,100000.0,0.0
2022-06-01,73.55000305175781,286,100000.0,0.0
2022-06-02,75.37000274658203,287,100000.0,0.0
2022-06-03,69.94000244140625,288,100000.0,0.0
2022-06-06,70.44999694824219,289,100000.0,0.0
2022-06-07,70.76000213623047,290,100000.0,0.0
2022-06-08,68.5999984741211,291,100000.0,0.0
2022-06-09,66.0199966430664,292,100000.0,0.0
2022-06-10,62.619998931884766,293,100000.0,0.0
2022-06-13,58.84000015258789,294,100000.0,0.0
2022-06-14,58.70000076293945,295,100000.0,0.0
2022-06-15,59.119998931884766,296,100000.0,0.0
2022-06-16,55.0099983215332,297,100000.0,0.0
2022-06-17,55.75,298,100000.0,0.0
2022-06-21,56.79999923706055,299,100000.0,0.0
2022-06-22,56.34000015258789,300,100000.0,0.0
2022-06-23,56.220001220703125,301,100000.0,0.0
2022-06-24,58.439998626708984,302,100000.0,0.0
2022-06-27,58.779998779296875,303,100000.0,0.0
2022-06-28,57.86000061035156,304,100000.0,0.0
2022-06-29,56.02000045776367,305,100000.0,0.0
2022-06-30,55.279998779296875,306,100000.0,0.0
2022-07-01,53.650001525878906,307,100000.0,0.0
2022-07-05,56.72999954223633,308,100000.0,0.0
2022-07-06,57.369998931884766,309,100000.0,0.0
2022-07-07,58.849998474121094,310,100000.0,0.0
2022-07-08,59.13999938964844,311,100000.0,0.0
2022-07-11,57.810001373291016,312,100000.0,0.0
2022-07-12,59.18000030517578,313,100000.0,0.0
2022-07-13,58.86000061035156,314,100000.0,0.0
2022-07-14,59.349998474121094,315,100000.0,0.0
2022-07-15,61.529998779296875,316,100000.0,0.0
2022-07-18,60.45000076293945,317,100000.0,0.0
2022-07-19,62.400001525878906,318,100000.0,0.0
2022-07-20,63.29999923706055,319,100000.0,0.0
2022-07-21,63.63999938964844,320,100000.0,0.0
2022-07-22,61.290000915527344,321,100000.0,0.0
2022-07-25,60.150001525878906,322,100000.0,0.0
2022-07-26,59.65999984741211,323,100000.0,0.0
2022-07-27,61.88999938964844,324,100000.0,0.0
2022-07-28,62.06999969482422,325,100000.0,0.0
2022-07-29,61.86000061035156,326,100000.0,0.0
2022-08-01,62.540000915527344,327,100000.0,0.0
2022-08-02,62.470001220703125,328,100000.0,0.0
2022-08-03,64.25,329,100000.0,0.0
2022-08-04,64.8499984741211,330,100000.0,0.0
2022-08-05,62.459999084472656,331,100000.0,0.0
2022-08-08,61.45000076293945,332,100000.0,0.0
2022-08-09,59.150001525878906,333,100000.0,0.0
2022-08-10,61.400001525878906,334,100000.0,0.0
2022-08-11,62.31999969482422,335,100000.0,0.0
2022-08-12,65.04000091552734,336,100000.0,0.0
2022-08-15,64.69999694824219,337,99949.12408808594,-0.0005087591191406116
2022-08-16,63.86000061035156,338,98652.16974238282,-0.012976145189227517
2022-08-17,61.619998931884766,339,94652.00091794279,-0.04054820927797076
2022-08-18,62.97999954223633,340,94652.00091794279,0.0
2022-08-19,60.5099983215332,341,94652.00091794279,0.0
2022-08-22,58.310001373291016,342,94652.00091794279,0.0
2022-08-23,57.86000061035156,343,94652.00091794279,0.0
2022-08-24,58.310001373291016,344,94652.00091794279,0.0
2022-08-25,61.20000076293945,345,94652.00091794279,0.0
2022-08-26,57.630001068115234,346,94652.00091794279,0.0
2022-08-29,57.0099983215332,347,94652.00091794279,0.0
2022-08-30,56.29999923706055,348,94652.00091794279,0.0
2022-08-31,56.529998779296875,349,94652.00091794279,0.0
2022-09-01,57.310001373291016,350,94652.00091794279,0.0
2022-09-02,56.33000183105469,351,94652.00091794279,0.0
2022-09-06,55.22999954223633,352,94652.00091794279,0.0
2022-09-07,55.0,353,94652.00091794279,0.0
2022-09-08,55.38999938964844,354,94652.00091794279,0.0
2022-09-09,57.439998626708984,355,94652.00091794279,0.0
2022-09-12,57.939998626708984,356,94652.00091794279,0.0
2022-09-13,53.619998931884766,357,94652.00091794279,0.0
2022-09-14,53.11000061035156,358,94652.00091794279,0.0
2022-09-15,52.689998626708984,359,94652.00091794279,0.0
2022-09-16,52.849998474121094,360,94652.00091794279,0.0
2022-09-19,52.099998474121094,361,94652.00091794279,0.0
2022-09-20,50.79999923706055,362,94652.00091794279,0.0
2022-09-21,50.099998474121094,363,94652.00091794279,0.0
2022-09-22,49.65999984741211,364,94652.00091794279,0.0
2022-09-23,50.099998474121094,365,94652.00091794279,0.0
2022-09-26,48.880001068115234,366,94652.00091794279,0.0
2022-09-27,50.58000183105469,367,94652.00091794279,0.0
2022-09-28,51.0,368,94652.00091794279,0.0
2022-09-29,50.0099983215332,369,94652.00091794279,0.0
2022-09-30,50.099998474121094,370,94652.00091794279,0.0
2022-10-03,51.720001220703125,371,94652.00091794279,0.0
2022-10-04,53.959999084472656,372,94652.00091794279,0.0
2022-10-05,54.72999954223633,373,94652.00091794279,0.0
2022-10-06,54.619998931884766,374,94652.00091794279,0.0
2022-10-07,52.90999984741211,375,94652.00091794279,0.0
2022-10-10,51.380001068115234,376,94652.00091794279,0.0
2022-10-11,53.709999084472656,377,94652.00091794279,0.0
2022-10-12,52.75,378,94652.00091794279,0.0
2022-10-13,54.86000061035156,379,94652.00091794279,0.0
2022-10-14,52.720001220703125,380,94652.00091794279,0.0
2022-10-17,53.5,381,94652.00091794279,0.0
2022-10-18,52.54999923706055,382,94652.00091794279,0.0
2022-10-19,53.029998779296875,383,94652.00091794279,0.0
2022-10-20,53.70000076293945,384,94652.00091794279,0.0
2022-10-21,56.04999923706055,385,94652.00091794279,0.0
2022-10-24,56.2400016784668,386,94652.00091794279,0.0
2022-10-25,55.869998931884766,387,94652.00091794279,0.0
2022-10-26,55.45000076293945,388,94652.00091794279,0.0
2022-10-27,52.209999084472656,389,94652.00091794279,0.0
2022-10-28,54.040000915527344,390,94652.00091794279,0.0
2022-10-31,54.099998474121094,391,94652.00091794279,0.0
2022-11-01,54.86000061035156,392,94652.00091794279,0.0
2022-11-02,53.45000076293945,393,94652.00091794279,0.0
2022-11-03,53.47999954223633,394,94652.00091794279,0.0
2022-11-04,56.15999984741211,395,94652.00091794279,0.0
2022-11-07,56.560001373291016,396,94652.00091794279,0.0
2022-11-08,57.4900016784668,397,94652.00091794279,0.0
2022-11-09,55.970001220703125,398,94183.23877116544,-0.004952480055690822
2022-11-10,60.27000045776367,399,101415.83748790128,0.07679284351548676
2022-11-11,62.52000045776367,400,102432.09443467247,0.01002069274330486
2022-11-14,61.779998779296875,401,102432.09443467247,0.0
2022-11-15,63.099998474121094,402,102432.09443467247,0.0
2022-11-16,58.869998931884766,403,102432.09443467247,0.0
2022-11-17,58.7400016784668,404,102432.09443467247,0.0
2022-11-18,58.58000183105469,405,102432.09443467247,0.0
2022-11-21,57.15999984741211,406,102432.09443467247,0.0
2022-11-22,58.619998931884766,407,102432.09443467247,0.0
2022-11-23,58.93000030517578,408,102432.09443467247,0.0
2022-11-25,58.40999984741211,409,102432.09443467247,0.0
2022-11-28,55.75,410,102432.09443467247,0.0
2022-11-29,55.119998931884766,411,102432.09443467247,0.0
2022-11-30,57.650001525878906,412,102432.09443467247,0.0
2022-12-01,55.4900016784668,413,102432.09443467247,0.0
2022-12-02,54.68000030517578,414,102432.09443467247,0.0
2022-12-05,54.040000915527344,415,102432.09443467247,0.0
2022-12-06,53.68000030517578,416,102432.09443467247,0.0
2022-12-07,53.81999969482422,417,102432.09443467247,0.0
2022-12-08,55.20000076293945,418,102432.09443467247,0.0
2022-12-09,54.869998931884766,419,102432.09443467247,0.0
2022-12-12,55.349998474121094,420,102432.09443467247,0.0
2022-12-13,55.2400016784668,421,102432.09443467247,0.0
2022-12-14,54.59000015258789,422,102432.09443467247,0.0
2022-12-15,52.040000915527344,423,102432.09443467247,0.0
2022-12-16,52.06999969482422,424,102432.09443467247,0.0
2022-12-19,51.720001220703125,425,102432.09443467247,0.0
2022-12-20,50.68000030517578,426,102432.09443467247,0.0
2022-12-21,51.189998626708984,427,102432.09443467247,0.0
2022-12-22,49.43000030517578,428,102432.09443467247,0.0
2022-12-23,50.20000076293945,429,102432.09443467247,0.0
2022-12-27,50.02000045776367,430,102432.09443467247,0.0
2022-12-28,49.119998931884766,431,102432.09443467247,0.0
2022-12-29,50.650001525878906,432,102432.09443467247,0.0
2022-12-30,49.97999954223633,433,102432.09443467247,0.0
2023-01-03,50.369998931884766,434,102432.09443467247,0.0
2023-01-04,54.20000076293945,435,102432.09443467247,0.0
2023-01-05,54.709999084472656,436,102432.09443467247,0.0
2023-01-06,56.77000045776367,437,102432.09443467247,0.0
2023-01-09,56.36000061035156,438,102432.09443467247,0.0
2023-01-10,57.209999084472656,439,102432.09443467247,0.0
2023-01-11,58.060001373291016,440,102432.09443467247,0.0
2023-01-12,57.27000045776367,441,102432.09443467247,0.0
2023-01-13,56.93000030517578,442,102432.09443467247,0.0
2023-01-17,56.849998474121094,443,102432.09443467247,0.0
2023-01-18,56.5099983215332,444,102432.09443467247,0.0
2023-01-19,56.36000061035156,445,102432.09443467247,0.0
2023-01-20,58.459999084472656,446,102432.09443467247,0.0
2023-01-23,61.81999969482422,447,102432.09443467247,0.0
2023-01-24,61.2599983215332,448,102480.24842827598,0.00047010650196388504
2023-01-25,61.540000915527344,449,102948.41276543419,0.004568337258529009
2023-01-26,62.79999923706055,450,105055.1299590377,0.020463814225126775
2023-01-27,63.869998931884766,451,106844.1694487838,0.01702953002336649
2023-01-30,61.709999084472656,452,103232.64970391075,-0.03380174850443518
2023-01-31,60.29999923706055,453,100875.1299590377,-0.022836958574974364
2023-02-01,62.599998474121094,454,104720.72868340294,0.03812236698903693
2023-02-02,63.16999816894531,455,105673.76817314903,0.009100772136788393
2023-02-03,62.40999984741211,456,104403.05097954551,-0.012024906611841635
2023-02-06,59.97999954223633,457,100288.94591340172,-0.03940598505066506
2023-02-07,62.130001068115234,458,100288.94591340172,0.0
2023-02-08,60.25,459,100288.94591340172,0.0
2023-02-09,60.18000030517578,460,100288.94591340172,0.0
2023-02-10,59.81999969482422,461,100288.94591340172,0.0
2023-02-13,60.119998931884766,462,100288.94591340172,0.0
2023-02-14,62.06999969482422,463,100288.94591340172,0.0
2023-02-15,61.84000015258789,464,100288.94591340172,0.0
2023-02-16,60.04999923706055,465,100288.94591340172,0.0
2023-02-17,59.0099983215332,466,100288.94591340172,0.0
2023-02-21,57.599998474121094,467,100288.94591340172,0.0
2023-02-22,56.97999954223633,468,100288.94591340172,0.0
2023-02-23,58.75,469,100288.94591340172,0.0
2023-02-24,58.18000030517578,470,100288.94591340172,0.0
2023-02-27,57.900001525878906,471,100288.94591340172,0.0
2023-02-28,57.81999969482422,472,100288.94591340172,0.0
2023-03-01,57.34000015258789,473,100288.94591340172,0.0
2023-03-02,56.43000030517578,474,100288.94591340172,0.0
2023-03-03,56.779998779296875,475,100288.94591340172,0.0
2023-03-06,56.83000183105469,476,100288.94591340172,0.0
2023-03-07,55.560001373291016,477,100288.94591340172,0.0
2023-03-08,56.88999938964844,478,100288.94591340172,0.0
2023-03-09,55.599998474121094,479,100288.94591340172,0.0
2023-03-10,54.93000030517578,480,100288.94591340172,0.0
2023-03-13,53.900001525878906,481,100288.94591340172,0.0
2023-03-14,54.27000045776367,482,100288.94591340172,0.0
2023-03-15,54.130001068115234,483,100288.94591340172,0.0
2023-03-16,56.56999969482422,484,100288.94591340172,0.0
2023-03-17,56.65999984741211,485,100288.94591340172,0.0
2023-03-20,57.63999938964844,486,100288.94591340172,0.0
2023-03-21,58.630001068115234,487,100288.94591340172,0.0
2023-03-22,58.16999816894531,488,100288.94591340172,0.0
2023-03-23,61.34000015258789,489,100288.94591340172,0.0
2023-03-24,61.15999984741211,490,100288.94591340172,0.0
2023-03-27,59.790000915527344,491,100288.94591340172,0.0
2023-03-28,59.279998779296875,492,100288.94591340172,0.0
2023-03-29,63.540000915527344,493,100288.94591340172,0.0
2023-03-30,63.09000015258789,494,100288.94591340172,0.0
2023-03-31,60.34000015258789,495,100288.94591340172,0.0
2023-04-03,59.61000061035156,496,100288.94591340172,0.0
2023-04-04,57.27000045776367,497,100288.94591340172,0.0
2023-04-05,57.02000045776367,498,100288.94591340172,0.0
2023-04-06,58.560001373291016,499,100288.94591340172,0.0
2023-04-10,63.27000045776367,500,100288.94591340172,0.0
2023-04-11,63.56999969482422,501,100288.94591340172,0.0
2023-04-12,61.959999084472656,502,100288.94591340172,0.0
2023-04-13,63.0,503,100288.94591340172,0.0
2023-04-14,62.630001068115234,504,100288.94591340172,0.0
2023-04-17,62.540000915527344,505,100288.94591340172,0.0
2023-04-18,61.93000030517578,506,100288.94591340172,0.0
2023-04-19,60.650001525878906,507,100288.94591340172,0.0
2023-04-20,61.459999084472656,508,100288.94591340172,0.0
2023-04-21,61.130001068115234,509,100288.94591340172,0.0
2023-04-24,59.5099983215332,510,100288.94591340172,0.0
2023-04-25,58.13999938964844,511,100288.94591340172,0.0
2023-04-26,61.02000045776367,512,100288.94591340172,0.0
2023-04-27,61.900001525878906,513,100288.94591340172,0.0
2023-04-28,64.36000061035156,514,100288.94591340172,0.0
2023-05-01,62.349998474121094,515,100288.94591340172,0.0
2023-05-02,61.900001525878906,516,100288.94591340172,0.0
2023-05-03,60.90999984741211,517,100288.94591340172,0.0
2023-05-04,60.5099983215332,518,100288.94591340172,0.0
2023-05-05,61.22999954223633,519,100288.94591340172,0.0
2023-05-08,60.869998931884766,520,100288.94591340172,0.0
2023-05-09,60.93000030517578,521,100288.94591340172,0.0
2023-05-10,59.9900016784668,522,100288.94591340172,0.0
2023-05-11,61.61000061035156,523,100288.94591340172,0.0
2023-05-12,60.91999816894531,524,100288.94591340172,0.0
2023-05-15,64.63999938964844,525,100288.94591340172,0.0
2023-05-16,63.72999954223633,526,98965.1756029525,-0.013199563505157275
2023-05-17,64.91999816894531,527,100812.05347160484,0.01866189654492212
2023-05-18,67.56999969482422,528,104924.8558397689,0.040796732399885904
2023-05-19,68.16999816894531,529,105856.05347160484,0.00887490027394433
2023-05-22,66.2300033569336,530,102845.18152336265,-0.028443077646474246
2023-05-23,66.01000213623047,531,102503.7396288314,-0.003319960055237825
2023-05-24,66.52999877929688,532,103310.77441887047,0.007873222898611809
2023-05-25,69.61000061035156,533,108090.93726066734,0.0462697416478155
2023-05-26,73.93000030517578,534,109560.79406917024,0.013598335306856058
2023-05-30,71.69000244140625,535,109560.79406917024,0.0
2023-05-31,68.19999694824219,536,109560.79406917024,0.0
2023-06-01,69.08999633789062,537,109560.79406917024,0.0
2023-06-02,69.16999816894531,538,109560.79406917024,0.0
2023-06-05,67.7699966430664,539,109560.79406917024,0.0
2023-06-06,67.54000091552734,540,109560.79406917024,0.0
2023-06-07,67.05999755859375,541,109560.79406917024,0.0
2023-06-08,65.31999969482422,542,109560.79406917024,0.0
2023-06-09,65.43000030517578,543,109560.79406917024,0.0
2023-06-12,67.44999694824219,544,109560.79406917024,0.0
2023-06-13,67.87000274658203,545,109560.79406917024,0.0
2023-06-14,69.12000274658203,546,109560.79406917024,0.0
2023-06-15,68.81999969482422,547,109560.79406917024,0.0
2023-06-16,67.66000366210938,548,109560.79406917024,0.0
2023-06-20,66.9000015258789,549,109560.79406917024,0.0
2023-06-21,65.80000305175781,550,109560.79406917024,0.0
2023-06-22,66.25,551,109560.79406917024,0.0
2023-06-23,65.27999877929688,552,109560.79406917024,0.0
2023-06-26,65.44999694824219,553,109560.79406917024,0.0
2023-06-27,66.79000091552734,554,109560.79406917024,0.0
2023-06-28,67.06999969482422,555,109560.79406917024,0.0
2023-06-29,64.33000183105469,556,109560.79406917024,0.0
2023-06-30,63.11000061035156,557,109560.79406917024,0.0
2023-07-03,63.900001525878906,558,109560.79406917024,0.0
2023-07-05,62.060001373291016,559,109560.79406917024,0.0
2023-07-06,61.22999954223633,560,109560.79406917024,0.0
2023-07-07,60.650001525878906,561,109560.79406917024,0.0
2023-07-10,62.47999954223633,562,109560.79406917024,0.0
2023-07-11,63.599998474121094,563,109560.79406917024,0.0
2023-07-12,63.790000915527344,564,109560.79406917024,0.0
2023-07-13,64.52999877929688,565,109560.79406917024,0.0
2023-07-14,64.08000183105469,566,109560.79406917024,0.0
2023-07-17,65.16000366210938,567,109560.79406917024,0.0
2023-07-18,64.94000244140625,568,109560.79406917024,0.0
2023-07-19,64.95999908447266,569,109560.79406917024,0.0
2023-07-20,64.69000244140625,570,109560.79406917024,0.0
2023-07-21,65.6500015258789,571,109560.79406917024,0.0
2023-07-24,65.4800033569336,572,109560.79406917024,0.0
2023-07-25,65.68000030517578,573,109560.79406917024,0.0
2023-07-26,67.37999725341797,574,109560.79406917024,0.0
2023-07-27,71.06999969482422,575,109560.79406917024,0.0
2023-07-28,71.19999694824219,576,109560.79406917024,0.0
2023-07-31,71.38999938964844,577,109560.79406917024,0.0
2023-08-01,70.76000213623047,578,109560.79406917024,0.0
2023-08-02,68.16999816894531,579,109560.79406917024,0.0
2023-08-03,69.18000030517578,580,109560.79406917024,0.0
2023-08-04,69.91000366210938,581,109560.79406917024,0.0
2023-08-07,69.37999725341797,582,109560.79406917024,0.0
2023-08-08,67.6500015258789,583,109560.79406917024,0.0
2023-08-09,66.69999694824219,584,109560.79406917024,0.0
2023-08-10,65.44000244140625,585,109560.79406917024,0.0
2023-08-11,64.37000274658203,586,109560.79406917024,0.0
2023-08-14,68.27999877929688,587,109560.79406917024,0.0
2023-08-15,65.33000183105469,588,109560.79406917024,0.0
2023-08-16,64.22000122070312,589,109560.79406917024,0.0
2023-08-17,63.560001373291016,590,109560.79406917024,0.0
2023-08-18,63.59000015258789,591,109560.79406917024,0.0
2023-08-21,63.959999084472656,592,109560.79406917024,0.0
2023-08-22,63.40999984741211,593,109560.79406917024,0.0
2023-08-23,65.19000244140625,594,109560.79406917024,0.0
2023-08-24,63.689998626708984,595,109560.79406917024,0.0
2023-08-25,63.720001220703125,596,109560.79406917024,0.0
2023-08-28,65.30999755859375,597,109560.79406917024,0.0
2023-08-29,66.68000030517578,598,109560.79406917024,0.0
2023-08-30,68.08999633789062,599,109560.79406917024,0.0
2023-08-31,69.94000244140625,600,109560.79406917024,0.0
2023-09-01,70.38999938964844,601,109560.79406917024,0.0
2023-09-05,70.29000091552734,602,109560.79406917024,0.0
2023-09-06,70.41000366210938,603,109560.79406917024,0.0
2023-09-07,69.87000274658203,604,109560.79406917024,0.0
2023-09-08,70.18000030517578,605,109560.79406917024,0.0
2023-09-11,70.02999877929688,606,109560.79406917024,0.0
2023-09-12,70.30999755859375,607,109560.79406917024,0.0
2023-09-13,70.8499984741211,608,109560.79406917024,0.0
2023-09-14,71.79000091552734,609,109560.79406917024,0.0
2023-09-15,69.87999725341797,610,109560.79406917024,0.0
2023-09-18,70.5,611,109560.79406917024,0.0
2023-09-19,70.70999908447266,612,109560.79406917024,0.0
2023-09-20,69.68000030517578,613,109560.79406917024,0.0
2023-09-21,67.9000015258789,614,109560.79406917024,0.0
2023-09-22,68.87999725341797,615,109560.79406917024,0.0
2023-09-25,68.58000183105469,616,109560.79406917024,0.0
2023-09-26,67.94000244140625,617,109560.79406917024,0.0
2023-09-27,68.20999908447266,618,109560.79406917024,0.0
2023-09-28,65.19999694824219,619,109560.79406917024,0.0
2023-09-29,68.02999877929688,620,109560.79406917024,0.0
2023-10-02,67.95999908447266,621,109560.79406917024,0.0
2023-10-03,67.83000183105469,622,109560.79406917024,0.0
2023-10-04,68.11000061035156,623,109560.79406917024,0.0
2023-10-05,69.05000305175781,624,109560.79406917024,0.0
2023-10-06,69.95999908447266,625,109560.79406917024,0.0
2023-10-09,69.4800033569336,626,109560.79406917024,0.0
2023-10-10,69.06999969482422,627,109560.79406917024,0.0
2023-10-11,70.20999908447266,628,109560.79406917024,0.0
2023-10-12,69.75,629,109560.79406917024,0.0
2023-10-13,69.20999908447266,630,109560.79406917024,0.0
2023-10-16,69.08000183105469,631,109560.79406917024,0.0
2023-10-17,69.0,632,109560.79406917024,0.0
2023-10-18,69.13999938964844,633,109560.79406917024,0.0
2023-10-19,67.52999877929688,634,109560.79406917024,0.0
2023-10-20,67.22000122070312,635,109560.79406917024,0.0
2023-10-23,66.87999725341797,636,109560.79406917024,0.0
2023-10-24,68.06999969482422,637,109560.79406917024,0.0
2023-10-25,66.5,638,109560.79406917024,0.0
2023-10-26,64.52999877929688,639,109560.79406917024,0.0
2023-10-27,65.6500015258789,640,109560.79406917024,0.0
2023-10-30,66.06999969482422,641,109560.79406917024,0.0
2023-10-31,66.87000274658203,642,109560.79406917024,0.0
2023-11-01,69.4000015258789,643,109560.79406917024,0.0
2023-11-02,70.44000244140625,644,109560.79406917024,0.0
2023-11-03,72.58000183105469,645,109560.79406917024,0.0
2023-11-06,72.91999816894531,646,110017.77090793978,0.00417098874330013
2023-11-07,72.80000305175781,647,109836.81827122103,-0.001644758253374956
2023-11-08,72.27999877929688,648,109052.65182834993,-0.007139376897596805
2023-11-09,73.56999969482422,649,110997.97320896517,0.01783836842112918
2023-11-10,75.36000061035156,650,113697.2945895804,0.024318654679698293
2023-11-13,74.77999877929688,651,112822.65182834993,-0.0076927315147445885
2023-11-14,77.16999816894531,652,116161.75942957017,0.029596074432822306
2023-11-15,77.13999938964844,653,116161.75942957017,0.0
2023-11-16,76.66999816894531,654,116161.75942957017,0.0
2023-11-17,77.55999755859375,655,116161.75942957017,0.0
2023-11-20,78.62000274658203,656,118023.95485218981,0.016031053866300216
2023-11-21,76.70999908447266,657,115157.03935536364,-0.024290962800023297
2023-11-22,77.0999984741211,658,115742.42843922594,0.005083398176431553
2023-11-24,76.87000274658203,659,115397.20485218981,-0.0029826882992817216
2023-11-27,77.51000213623047,660,116357.84393605212,0.008324630437043679
2023-11-28,76.12000274658203,661,111792.22044416908,-0.0392377800880549
2023-11-29,76.69000244140625,662,111792.22044416908,0.0
2023-11-30,76.12000274658203,663,111792.22044416908,0.0
2023-12-01,75.93000030517578,664,111792.22044416908,0.0
2023-12-04,74.29000091552734,665,111792.22044416908,0.0
2023-12-05,73.69000244140625,666,111792.22044416908,0.0
2023-12-06,73.12999725341797,667,111792.22044416908,0.0
2023-12-07,73.6500015258789,668,111792.22044416908,0.0
2023-12-08,74.95999908447266,669,111792.22044416908,0.0
2023-12-11,77.79000091552734,670,111792.22044416908,0.0
2023-12-12,78.16000366210938,671,111792.22044416908,0.0
2023-12-13,79.79000091552734,672,111792.22044416908,0.0
2023-12-14,82.19000244140625,673,113642.55101819253,0.016551514646294452
2023-12-15,81.41000366210938,674,112564.59270520425,-0.009485516677777861
2023-12-18,81.55999755859375,675,112771.88427014566,0.0018415343578266352
2023-12-19,82.16999816894531,676,113614.90511365152,0.007475452316522357
2023-12-20,78.69000244140625,677,108805.55101819253,-0.04233030948402483
2023-12-21,85.4800033569336,678,117391.7994589659,0.0789136984319645
2023-12-22,86.48999786376953,679,117391.7994589659,0.0
2023-12-26,87.05999755859375,680,117819.29125574324,0.003641581428579732
2023-12-27,86.66000366210938,681,117278.09951379988,-0.004593405173085152
2023-12-28,86.0,682,116385.1145589659,-0.007614251582657272
2023-12-29,85.33999633789062,683,115492.12960413191,-0.007672673247071993
2024-01-02,82.33999633789062,684,112501.87461185266,-0.025891417904655878
2024-01-03,82.26000213623047,685,112501.87461185266,0.0
2024-01-04,82.70999908447266,686,112501.87461185266,0.0
2024-01-05,83.44999694824219,687,112501.87461185266,0.0
2024-01-08,84.94999694824219,688,112501.87461185266,0.0
2024-01-09,83.33000183105469,689,112501.87461185266,0.0
2024-01-10,82.37999725341797,690,112501.87461185266,0.0
2024-01-11,83.38999938964844,691,112501.87461185266,0.0
2024-01-12,82.38999938964844,692,112501.87461185266,0.0
2024-01-16,84.61000061035156,693,112501.87461185266,0.0
2024-01-17,83.27999877929688,694,112501.87461185266,0.0
2024-01-18,84.81999969482422,695,112501.87461185266,0.0
2024-01-19,87.51000213623047,696,112501.87461185266,0.0
2024-01-22,89.23999786376953,697,112501.87461185266,0.0
2024-01-23,87.52999877929688,698,110588.05957010461,-0.017011405795245516
2024-01-24,88.08000183105469,699,111282.71342447473,0.006281454409006626
2024-01-25,89.19999694824219,700,112697.26725748254,0.012711352819122723
2024-01-26,88.05000305175781,701,111244.82496622278,-0.012887999208901268
2024-01-29,89.06999969482422,702,112533.08072641565,0.011580365743611098
2024-01-30,86.16000366210938,703,108857.7557370968,-0.03265995177235126
2024-01-31,85.75,704,108111.46705455179,-0.006855631713989951
2024-02-01,85.61000061035156,705,108111.46705455179,0.0
2024-02-02,86.4800033569336,706,108111.46705455179,0.0
2024-02-05,86.9800033569336,707,108111.46705455179,0.0
2024-02-06,84.5999984741211,708,108111.46705455179,0.0
2024-02-07,85.16999816894531,709,108111.46705455179,0.0
2024-02-08,84.87999725341797,710,108111.46705455179,0.0
2024-02-09,85.55999755859375,711,108111.46705455179,0.0
2024-02-12,85.69999694824219,712,108111.46705455179,0.0
2024-02-13,81.52999877929688,713,108111.46705455179,0.0
2024-02-14,81.83000183105469,714,108111.46705455179,0.0
2024-02-15,81.62999725341797,715,108111.46705455179,0.0
2024-02-16,79.5,716,108111.46705455179,0.0
2024-02-20,80.70999908447266,717,108111.46705455179,0.0
2024-02-21,81.48999786376953,718,108111.46705455179,0.0
2024-02-22,85.91000366210938,719,108111.46705455179,0.0
2024-02-23,86.0,720,108111.46705455179,0.0
2024-02-26,89.45999908447266,721,108111.46705455179,0.0
2024-02-27,91.8499984741211,722,108111.46705455179,0.0
2024-02-28,89.70999908447266,723,108111.46705455179,0.0
2024-02-29,90.61000061035156,724,108111.46705455179,0.0
2024-03-01,95.1500015258789,725,108111.46705455179,0.0
2024-03-04,95.7699966430664,726,106764.19431492776,-0.012461885647562343
2024-03-05,94.47000122070312,727,105315.99941441507,-0.01356442494419885
2024-03-06,95.55999755859375,728,106530.25533482523,0.011529643427036218
2024-03-07,98.9800033569336,729,110340.14179417581,0.03576342183144199
2024-03-08,97.62000274658203,730,108825.10111424417,-0.013730639233342057
2024-03-11,94.51000213623047,731,105360.56043431253,-0.03183585996666871
2024-03-12,97.41999816894531,732,108602.29601475687,0.030768017625204314
2024-03-13,94.16000366210938,733,104970.66213414163,-0.03343975232458962
2024-03-14,91.43000030517578,734,103147.55426181067,-0.017367784819735776
2024-03-15,93.25,735,103147.55426181067,0.0
2024-03-18,93.77999877929688,736,103147.55426181067,0.0
2024-03-19,94.0,737,103147.55426181067,0.0
2024-03-20,96.25,738,103147.55426181067,0.0
2024-03-21,109.8499984741211,739,103147.55426181067,0.0
2024-03-22,110.20999908447266,740,103943.67129846838,0.007718234740079266
2024-03-25,117.12999725341797,741,110469.22957178381,0.06277975553295256
2024-03-26,118.80000305175781,742,112044.04503961829,0.014255693408372627
2024-03-27,119.25,743,112468.39216181067,0.0037873241906103416
2024-03-28,117.88999938964844,744,111185.91158624915,-0.011403031117546258
2024-04-01,124.30000305175781,745,115737.33665371647,0.040935267809867115
2024-04-02,122.75,746,115737.33665371647,0.0
2024-04-03,128.00999450683594,747,115737.33665371647,0.0
2024-04-04,124.08999633789062,748,115737.33665371647,0.0
2024-04-05,123.58000183105469,749,115737.33665371647,0.0
2024-04-08,122.94999694824219,750,115737.33665371647,0.0
2024-04-09,122.62999725341797,751,115737.33665371647,0.0
2024-04-10,122.19999694824219,752,115737.33665371647,0.0
2024-04-11,127.51000213623047,753,115737.33665371647,0.0
2024-04-12,122.5199966430664,754,115737.33665371647,0.0
2024-04-15,121.37000274658203,755,115737.33665371647,0.0
2024-04-16,121.7699966430664,756,115737.33665371647,0.0
2024-04-17,116.33000183105469,757,115737.33665371647,0.0
2024-04-18,111.93000030517578,758,115737.33665371647,0.0
2024-04-19,106.7699966430664,759,115737.33665371647,0.0
2024-04-22,109.12000274658203,760,115737.33665371647,0.0
2024-04-23,112.45999908447266,761,115737.33665371647,0.0
2024-04-24,111.77999877929688,762,115737.33665371647,0.0
2024-04-25,111.58000183105469,763,115737.33665371647,0.0
2024-04-26,114.83999633789062,764,115737.33665371647,0.0
2024-04-29,114.36000061035156,765,115737.33665371647,0.0
2024-04-30,112.95999908447266,766,115737.33665371647,0.0
2024-05-01,109.69999694824219,767,115737.33665371647,0.0
2024-05-02,112.33000183105469,768,115737.33665371647,0.0
2024-05-03,114.69999694824219,769,115737.33665371647,0.0
2024-05-06,120.12999725341797,770,115737.33665371647,0.0
2024-05-07,119.20999908447266,771,115737.33665371647,0.0
2024-05-08,119.31999969482422,772,115737.33665371647,0.0
2024-05-09,117.80999755859375,773,115737.33665371647,0.0
2024-05-10,121.23999786376953,774,115737.33665371647,0.0
2024-05-13,123.0,775,115737.33665371647,0.0
2024-05-14,124.80999755859375,776,115737.33665371647,0.0
2024-05-15,127.80999755859375,777,117125.81481738835,0.011996804175874454
2024-05-16,127.88999938964844,778,117199.09649463445,0.0006256663175436827
2024-05-17,125.29000091552734,779,114817.49789233952,-0.020320963842958895
2024-05-20,129.0,780,118215.85705371648,0.029597920384604404
2024-05-21,127.5,781,116841.85705371648,-0.011622806231279648
2024-05-22,126.27999877929688,782,115724.33593555242,-0.009564390248011034
2024-05-23,126.2699966430664,783,115715.1739787653,-7.917052807471237e-05
2024-05-24,129.49000549316406,784,118664.70208545476,0.025489553403175158
2024-05-28,132.6699981689453,785,121577.57537647038,0.024547091425030088
2024-05-29,131.5800018310547,786,120517.85827363531,-0.008716386221337413
2024-05-30,126.29000091552734,787,120517.85827363531,0.0
2024-05-31,125.0,788,120517.85827363531,0.0
2024-06-03,128.1699981689453,789,120517.85827363531,0.0
2024-06-04,126.63999938964844,790,120517.85827363531,0.0
2024-06-05,133.7100067138672,791,120517.85827363531,0.0
2024-06-06,130.07000732421875,792,117063.65486543218,-0.028661340797812573
2024-06-07,130.94000244140625,793,117846.65047090093,0.006688631124398325
2024-06-10,134.82000732421875,794,121338.65486543218,0.029631766202752763
2024-06-11,135.07000732421875,795,121563.65486543218,0.00185431427643179
2024-06-12,140.75,796,126675.6482736353,0.04205198843241398
2024-06-13,143.13999938964844,797,128826.6477243189,0.016980370576333392
2024-06-14,141.36000061035156,798,127224.64882295171,-0.012435306900132725
2024-06-17,147.8300018310547,799,133193.2285142395,0.046913705374764136
2024-06-18,153.4499969482422,800,133193.2285142395,0.0
2024-06-20,144.19000244140625,801,126304.62055950268,-0.051718905169419904
2024-06-21,139.5399932861328,802,126304.62055950268,0.0
2024-06-24,139.00999450683594,803,126304.62055950268,0.0
2024-06-25,141.1199951171875,804,126304.62055950268,0.0
2024-06-26,142.36000061035156,805,126304.62055950268,0.0
2024-06-27,132.22999572753906,806,126304.62055950268,0.0
2024-06-28,131.52999877929688,807,126304.62055950268,0.0
2024-07-01,131.52000427246094,808,126304.62055950268,0.0
2024-07-02,132.58999633789062,809,126304.62055950268,0.0
2024-07-03,136.82000732421875,810,126304.62055950268,0.0
2024-07-05,131.60000610351562,811,126304.62055950268,0.0
2024-07-08,130.69000244140625,812,126304.62055950268,0.0
2024-07-09,131.13999938964844,813,126304.62055950268,0.0
2024-07-10,136.38999938964844,814,126304.62055950268,0.0
2024-07-11,130.22999572753906,815,126304.62055950268,0.0
2024-07-12,133.5500030517578,816,126304.62055950268,0.0
2024-07-15,130.8699951171875,817,126304.62055950268,0.0
2024-07-16,127.48999786376953,818,126304.62055950268,0.0
2024-07-17,119.5,819,126304.62055950268,0.0
2024-07-18,117.44999694824219,820,126304.62055950268,0.0
2024-07-19,114.26000213623047,821,126304.62055950268,0.0
2024-07-22,115.27999877929688,822,126304.62055950268,0.0
2024-07-23,114.25,823,126304.62055950268,0.0
2024-07-24,110.27999877929688,824,126304.62055950268,0.0
2024-07-25,107.44999694824219,825,126304.62055950268,0.0
2024-07-26,109.41000366210938,826,126304.62055950268,0.0
2024-07-29,107.8499984741211,827,126304.62055950268,0.0
2024-07-30,102.55999755859375,828,126304.62055950268,0.0
2024-07-31,109.81999969482422,829,126304.62055950268,0.0
2024-08-01,101.51000213623047,830,126304.62055950268,0.0
2024-08-02,92.69999694824219,831,126304.62055950268,0.0
2024-08-05,90.41999816894531,832,126304.62055950268,0.0
2024-08-06,89.0,833,126304.62055950268,0.0
2024-08-07,86.80000305175781,834,126304.62055950268,0.0
2024-08-08,92.06999969482422,835,126304.62055950268,0.0
2024-08-09,93.08000183105469,836,126304.62055950268,0.0
2024-08-12,94.63999938964844,837,126304.62055950268,0.0
2024-08-13,97.44000244140625,838,126304.62055950268,0.0
2024-08-14,100.41000366210938,839,126304.62055950268,0.0
2024-08-15,106.94999694824219,840,126304.62055950268,0.0
2024-08-16,107.98999786376953,841,126304.62055950268,0.0
2024-08-19,108.62999725341797,842,126304.62055950268,0.0
2024-08-20,107.98999786376953,843,126304.62055950268,0.0
2024-08-21,108.33000183105469,844,126304.62055950268,0.0
2024-08-22,104.26000213623047,845,126304.62055950268,0.0
2024-08-23,102.8499984741211,846,126304.62055950268,0.0
2024-08-26,98.91000366210938,847,126304.62055950268,0.0
2024-08-27,97.86000061035156,848,126304.62055950268,0.0
2024-08-28,94.86000061035156,849,126304.62055950268,0.0
2024-08-29,95.56999969482422,850,126304.62055950268,0.0
2024-08-30,96.23999786376953,851,126304.62055950268,0.0
2024-09-03,88.58000183105469,852,126304.62055950268,0.0
2024-09-04,89.29000091552734,853,126304.62055950268,0.0
2024-09-05,89.38999938964844,854,126304.62055950268,0.0
2024-09-06,86.37999725341797,855,126304.62055950268,0.0
2024-09-09,86.2699966430664,856,126304.62055950268,0.0
2024-09-10,86.8499984741211,857,126304.62055950268,0.0
2024-09-11,90.6500015258789,858,126304.62055950268,0.0
2024-09-12,87.20999908447266,859,126304.62055950268,0.0
2024-09-13,91.22000122070312,860,126304.62055950268,0.0
2024-09-16,87.18000030517578,861,126304.62055950268,0.0
2024-09-17,88.7300033569336,862,126304.62055950268,0.0
2024-09-18,87.3499984741211,863,126304.62055950268,0.0
2024-09-19,89.25,864,126304.62055950268,0.0
2024-09-20,90.9000015258789,865,126304.62055950268,0.0
2024-09-23,93.56999969482422,866,126304.62055950268,0.0
2024-09-24,94.0,867,126304.62055950268,0.0
2024-09-25,95.7699966430664,868,126304.62055950268,0.0
2024-09-26,109.87999725341797,869,126304.62055950268,0.0
2024-09-27,107.5,870,122814.46795950268,-0.02763281805954021
2024-09-30,103.70999908447266,871,118401.54467549831,-0.03593162399611993
2024-10-01,100.30999755859375,872,118401.54467549831,0.0
2024-10-02,99.8499984741211,873,118401.54467549831,0.0
2024-10-03,101.81999969482422,874,118401.54467549831,0.0
2024-10-04,102.25,875,118401.54467549831,0.0
2024-10-07,102.91000366210938,876,118401.54467549831,0.0
2024-10-08,102.54000091552734,877,118401.54467549831,0.0
2024-10-09,101.69999694824219,878,118401.54467549831,0.0
2024-10-10,105.69000244140625,879,118401.54467549831,0.0
2024-10-11,106.91999816894531,880,118401.54467549831,0.0
2024-10-14,108.33999633789062,881,118401.54467549831,0.0
2024-10-15,104.31999969482422,882,118401.54467549831,0.0
2024-10-16,109.23999786376953,883,118401.54467549831,0.0
2024-10-17,112.05000305175781,884,118401.54467549831,0.0
2024-10-18,111.1500015258789,885,118401.54467549831,0.0
2024-10-21,109.08000183105469,886,118401.54467549831,0.0
2024-10-22,107.81999969482422,887,118401.54467549831,0.0
2024-10-23,105.05000305175781,888,118401.54467549831,0.0
2024-10-24,106.8499984741211,889,118401.54467549831,0.0
2024-10-25,107.91000366210938,890,118401.54467549831,0.0
2024-10-28,106.38999938964844,891,118401.54467549831,0.0
2024-10-29,108.18000030517578,892,118401.54467549831,0.0
2024-10-30,104.08000183105469,893,118401.54467549831,0.0
2024-10-31,99.6500015258789,894,118401.54467549831,0.0
2024-11-01,99.7300033569336,895,118401.54467549831,0.0
2024-11-04,101.7300033569336,896,118401.54467549831,0.0
2024-11-05,105.48999786376953,897,118401.54467549831,0.0
2024-11-06,111.83000183105469,898,118401.54467549831,0.0
2024-11-07,113.41000366210938,899,118401.54467549831,0.0
2024-11-08,111.9000015258789,900,118401.54467549831,0.0
2024-11-11,108.6500015258789,901,118401.54467549831,0.0
2024-11-12,104.0999984741211,902,118401.54467549831,0.0
2024-11-13,99.91999816894531,903,118401.54467549831,0.0
2024-11-14,99.18000030517578,904,118401.54467549831,0.0
2024-11-15,96.33999633789062,905,118401.54467549831,0.0
2024-11-18,97.51000213623047,906,118401.54467549831,0.0
2024-11-19,97.7300033569336,907,118401.54467549831,0.0
2024-11-20,98.37000274658203,908,118401.54467549831,0.0
2024-11-21,102.76000213623047,909,118401.54467549831,0.0
2024-11-22,102.63999938964844,910,118401.54467549831,0.0
2024-11-25,104.4800033569336,911,118401.54467549831,0.0
2024-11-26,101.80000305175781,912,118401.54467549831,0.0
2024-11-27,98.19999694824219,913,118401.54467549831,0.0
2024-11-29,97.94999694824219,914,118401.54467549831,0.0
2024-12-02,98.55000305175781,915,118401.54467549831,0.0
2024-12-03,99.83999633789062,916,118401.54467549831,0.0
2024-12-04,103.19999694824219,917,118401.54467549831,0.0
2024-12-05,100.87000274658203,918,118401.54467549831,0.0
2024-12-06,101.16999816894531,919,118401.54467549831,0.0
2024-12-09,102.81999969482422,920,118401.54467549831,0.0
2024-12-10,98.0999984741211,921,118401.54467549831,0.0
2024-12-11,102.05999755859375,922,118401.54467549831,0.0
2024-12-12,98.23999786376953,923,118401.54467549831,0.0
2024-12-13,102.5,924,118401.54467549831,0.0
2024-12-16,108.26000213623047,925,118401.54467549831,0.0
2024-12-17,108.5999984741211,926,118401.54467549831,0.0
2024-12-18,103.9000015258789,927,118401.54467549831,0.0
2024-12-19,87.08999633789062,928,118401.54467549831,0.0
2024-12-20,90.12000274658203,929,118401.54467549831,0.0
2024-12-23,89.72000122070312,930,118401.54467549831,0.0
2024-12-24,89.27999877929688,931,118401.54467549831,0.0
2024-12-26,89.81999969482422,932,118401.54467549831,0.0
2024-12-27,88.62999725341797,933,118401.54467549831,0.0
2024-12-30,85.30999755859375,934,118401.54467549831,0.0
2024-12-31,84.16000366210938,935,118401.54467549831,0.0
2025-01-02,87.33000183105469,936,118401.54467549831,0.0
2025-01-03,89.87000274658203,937,118401.54467549831,0.0
2025-01-06,99.26000213623047,938,118401.54467549831,0.0
2025-01-07,101.91000366210938,939,118401.54467549831,0.0
2025-01-08,99.41000366210938,940,118401.54467549831,0.0
2025-01-10,99.33999633789062,941,118401.54467549831,0.0
2025-01-13,95.05999755859375,942,118401.54467549831,0.0
2025-01-14,97.36000061035156,943,118401.54467549831,0.0
2025-01-15,103.19000244140625,944,118401.54467549831,0.0
2025-01-16,102.5999984741211,945,118401.54467549831,0.0
2025-01-17,105.75,946,118401.54467549831,0.0
2025-01-21,109.37999725341797,947,118401.54467549831,0.0
2025-01-22,109.2300033569336,948,118401.54467549831,0.0
2025-01-23,104.83999633789062,949,118401.54467549831,0.0
2025-01-24,103.19000244140625,950,118401.54467549831,0.0
2025-01-27,91.11000061035156,951,118401.54467549831,0.0
2025-01-28,88.25,952,118401.54467549831,0.0
2025-01-29,89.01000213623047,953,118401.54467549831,0.0
2025-01-30,92.5,954,118401.54467549831,0.0
2025-01-31,91.23999786376953,955,118401.54467549831,0.0
2025-02-03,89.91999816894531,956,118401.54467549831,0.0
2025-02-04,90.66000366210938,957,118401.54467549831,0.0
2025-02-05,93.5999984741211,958,118401.54467549831,0.0
2025-02-06,94.54000091552734,959,118401.54467549831,0.0
2025-02-07,92.30000305175781,960,118401.54467549831,0.0
2025-02-10,95.93000030517578,961,118401.54467549831,0.0
2025-02-11,94.08000183105469,962,118401.54467549831,0.0
2025-02-12,91.68000030517578,963,118401.54467549831,0.0
2025-02-13,95.66000366210938,964,118401.54467549831,0.0
2025-02-14,99.5199966430664,965,118401.54467549831,0.0
2025-02-18,106.79000091552734,966,118401.54467549831,0.0
2025-02-19,104.36000061035156,967,118401.54467549831,0.0
2025-02-20,103.18000030517578,968,118401.54467549831,0.0
2025-02-21,98.83999633789062,969,118401.54467549831,0.0
2025-02-24,95.41000366210938,970,118401.54467549831,0.0
2025-02-25,93.22000122070312,971,118401.54467549831,0.0
2025-02-26,97.70999908447266,972,118401.54467549831,0.0
2025-02-27,91.81999969482422,973,118401.54467549831,0.0
2025-02-28,93.62999725341797,974,118401.54467549831,0.0
2025-03-03,90.54000091552734,975,118401.54467549831,0.0
2025-03-04,91.19999694824219,976,118401.54467549831,0.0
2025-03-05,94.33999633789062,977,118401.54467549831,0.0
2025-03-06,89.2699966430664,978,118401.54467549831,0.0
2025-03-07,92.95999908447266,979,118401.54467549831,0.0
2025-03-10,87.08000183105469,980,118401.54467549831,0.0
2025-03-11,89.05000305175781,981,118401.54467549831,0.0
2025-03-12,95.63999938964844,982,118401.54467549831,0.0
2025-03-13,94.87999725341797,983,118401.54467549831,0.0
2025-03-14,100.79000091552734,984,118401.54467549831,0.0
2025-03-17,103.11000061035156,985,118401.54467549831,0.0
2025-03-18,101.72000122070312,986,118401.54467549831,0.0
2025-03-19,102.05999755859375,987,118401.54467549831,0.0
2025-03-20,103.0,988,118401.54467549831,0.0
2025-03-21,94.72000122070312,989,118401.54467549831,0.0
2025-03-24,96.94000244140625,990,118401.54467549831,0.0
2025-03-25,94.18000030517578,991,118401.54467549831,0.0
2025-03-26,92.12999725341797,992,118401.54467549831,0.0
2025-03-27,91.16000366210938,993,118401.54467549831,0.0
2025-03-28,88.44000244140625,994,118401.54467549831,0.0
2025-03-31,86.88999938964844,995,118401.54467549831,0.0
2025-04-01,88.70999908447266,996,118401.54467549831,0.0
2025-04-02,88.5999984741211,997,118401.54467549831,0.0
2025-04-03,74.33999633789062,998,118401.54467549831,0.0
2025-04-04,64.72000122070312,999,118401.54467549831,0.0
2025-04-07,68.37000274658203,1000,118401.54467549831,0.0
2025-04-08,65.54000091552734,1001,118401.54467549831,0.0
2025-04-09,77.87000274658203,1002,118401.54467549831,0.0
2025-04-10,70.05000305175781,1003,118401.54467549831,0.0
2025-04-11,69.55000305175781,1004,118401.54467549831,0.0
2025-04-14,71.0199966430664,1005,118401.54467549831,0.0
2025-04-15,71.04000091552734,1006,118401.54467549831,0.0
2025-04-16,69.33000183105469,1007,118401.54467549831,0.0
2025-04-17,68.80000305175781,1008,118401.54467549831,0.0
2025-04-21,66.73999786376953,1009,118401.54467549831,0.0
2025-04-22,70.20999908447266,1010,118401.54467549831,0.0
2025-04-23,72.93000030517578,1011,118401.54467549831,0.0
2025-04-24,77.41999816894531,1012,118401.54467549831,0.0
2025-04-25,79.77999877929688,1013,118401.54467549831,0.0
2025-04-28,78.55999755859375,1014,118401.54467549831,0.0
2025-04-29,76.87999725341797,1015,118401.54467549831,0.0
2025-04-30,76.94999694824219,1016,118401.54467549831,0.0
2025-05-01,77.7699966430664,1017,118401.54467549831,0.0
2025-05-02,80.72000122070312,1018,118401.54467549831,0.0
2025-05-05,80.41999816894531,1019,118401.54467549831,0.0
2025-05-06,80.51000213623047,1020,118401.54467549831,0.0
2025-05-07,82.62000274658203,1021,118401.54467549831,0.0
2025-05-08,85.1500015258789,1022,119605.03841783229,0.010164510485335176
2025-05-09,85.86000061035156,1023,120601.8771324319,0.00833442075506241
2025-05-12,92.29000091552734,1024,129629.59756089869,0.07485555484806872
2025-05-13,96.93000030517578,1025,132302.18902822278,0.02061713927691966
2025-05-14,95.31999969482422,1026,132302.18902822278,0.0
2025-05-15,95.44999694824219,1027,132302.18902822278,0.0
2025-05-16,98.0,1028,132302.18902822278,0.0
2025-05-19,98.6500015258789,1029,136295.18123546155,0.030180847622914175
2025-05-20,98.0999984741211,1030,135535.62702098401,-0.005572861839959975
2025-05-21,95.83999633789062,1031,132414.56407084974,-0.02302762025552929
2025-05-22,94.83000183105469,1032,131019.76165690931,-0.01053360273265802
2025-05-23,93.37000274658203,1033,129003.50292125257,-0.015388966596783682
2025-05-27,96.37999725341797,1034,133160.305335193,0.032222399545831504
2025-05-28,96.18000030517578,1035,132884.10954967054,-0.0020741600496275714
2025-05-29,96.80000305175781,1036,133740.33334270032,0.0064433873691251975
2025-05-30,94.45999908447266,1037,130508.78786387952,-0.02416283403855579
2025-06-02,98.18000030517578,1038,135577.37966943526,0.03883716865750286
2025-06-03,102.25,1039,135577.37966943526,0.0
2025-06-04,103.25,1040,136659.65206943525,0.00798269152744191
2025-06-05,106.29000091552734,1041,140681.57328067793,0.02943020233359861
2025-06-06,108.55999755859375,1042,143684.77883945478,0.021347540326301706
2025-06-09,110.94999694824219,1043,146846.74803195967,0.022006291954124624
2025-06-10,114.13999938964844,1044,149298.6669477236,0.01669712777861654
2025-06-11,116.02999877929688,1045,149298.6669477236,0.0
2025-06-12,116.18000030517578,1046,151928.52764658834,0.017614763431113456
2025-06-13,115.5999984741211,1047,151170.46525339986,-0.004989598760226643
2025-06-16,119.83999633789062,1048,156712.14246134664,0.03665846498955694
2025-06-17,120.33999633789062,1049,157365.64246134664,0.004170066146349738
2025-06-18,121.81999969482422,1050,159300.00684885884,0.01229216465078986
2025-06-20,123.5999984741211,1051,161626.46525339986,0.014604258032131279
2025-06-23,122.08000183105469,1052,159639.82964091207,-0.01229152422143942
2025-06-24,127.91000366210938,1053,164453.12688737857,0.03015097959759383
2025-06-25,127.25,1054,164453.12688737857,0.0
2025-06-26,126.0,1055,164453.12688737857,0.0
2025-06-27,124.76000213623047,1056,164453.12688737857,0.0
2025-06-30,123.25,1057,164453.12688737857,0.0
2025-07-01,120.88999938964844,1058,164453.12688737857,0.0
2025-07-02,121.73999786376953,1059,164453.12688737857,0.0
2025-07-03,122.29000091552734,1060,164453.12688737857,0.0
2025-07-07,119.91999816894531,1061,164453.12688737857,0.0
2025-07-08,124.41999816894531,1062,164453.12688737857,0.0
2025-07-09,122.23999786376953,1063,164453.12688737857,0.0
2025-07-10,123.11000061035156,1064,164453.12688737857,0.0
2025-07-11,124.52999877929688,1065,164453.12688737857,0.0
2025-07-14,118.61000061035156,1066,164453.12688737857,0.0
2025-07-15,120.11000061035156,1067,164453.12688737857,0.0
2025-07-16,116.43000030517578,1068,164453.12688737857,0.0
2025-07-17,113.26000213623047,1069,164453.12688737857,0.0
2025-07-18,114.38999938964844,1070,164453.12688737857,0.0
2025-07-21,113.2300033569336,1071,164453.12688737857,0.0
2025-07-22,109.22000122070312,1072,164453.12688737857,0.0
2025-07-23,109.83000183105469,1073,164453.12688737857,0.0
2025-07-24,111.7300033569336,1074,164453.12688737857,0.0
2025-07-25,111.26000213623047,1075,164453.12688737857,0.0
2025-07-28,111.25,1076,164453.12688737857,0.0
2025-07-29,111.95999908447266,1077,164453.12688737857,0.0
2025-07-30,114.73999786376953,1078,164453.12688737857,0.0
2025-07-31,109.13999938964844,1079,164453.12688737857,0.0
2025-08-01,104.87999725341797,1080,164453.12688737857,0.0
2025-08-04,107.7699966430664,1081,164453.12688737857,0.0
2025-08-05,109.05999755859375,1082,164453.12688737857,0.0
2025-08-06,108.77999877929688,1083,164453.12688737857,0.0
2025-08-07,111.87000274658203,1084,164453.12688737857,0.0
2025-08-08,118.88999938964844,1085,164453.12688737857,0.0
2025-08-11,123.72000122070312,1086,164453.12688737857,0.0
2025-08-12,127.75,1087,164453.12688737857,0.0
2025-08-13,124.2699966430664,1088,164453.12688737857,0.0
2025-08-14,125.29000091552734,1089,164453.12688737857,0.0
2025-08-15,120.87000274658203,1090,164453.12688737857,0.0
2025-08-18,123.55000305175781,1091,164453.12688737857,0.0
2025-08-19,122.05000305175781,1092,164453.12688737857,0.0
2025-08-20,117.20999908447266,1093,164453.12688737857,0.0
2025-08-21,115.79000091552734,1094,164453.12688737857,0.0
2025-08-22,117.68000030517578,1095,164453.12688737857,0.0
2025-08-25,116.41999816894531,1096,164453.12688737857,0.0
2025-08-26,116.5,1097,164453.12688737857,0.0
2025-08-27,117.75,1098,164453.12688737857,0.0
2025-08-28,122.0,1099,164453.12688737857,0.0
2025-08-29,119.01000213623047,1100,164453.12688737857,0.0
2025-09-02,118.4800033569336,1101,164453.12688737857,0.0
2025-09-03,118.72000122070312,1102,164453.12688737857,0.0
2025-09-04,124.20999908447266,1103,164453.12688737857,0.0
2025-09-05,131.3699951171875,1104,164453.12688737857,0.0
2025-09-08,131.4600067138672,1105,165515.61264013738,0.006460720892746741
2025-09-09,135.24000549316406,1106,170274.63110327214,0.028752686149806195
2025-09-10,140.0,1107,174779.22735048697,0.026454887718903697
2025-09-11,150.57000732421875,1108,174779.22735048697,0.0
2025-09-12,157.22999572753906,1109,178875.06089269888,0.02343432686081437
2025-09-15,157.77000427246094,1110,179489.05060827505,0.003432505976584954
2025-09-16,158.82000732421875,1111,180682.90407812368,0.006651399992382512
2025-09-17,159.99000549316406,1112,182013.1919962145,0.007362555549337513
2025-09-18,168.88999938964844,1113,186851.3316452689,0.026581258182401424
2025-09-19,162.72999572753906,1114,186851.3316452689,0.0
2025-09-22,164.6199951171875,1115,186851.3316452689,0.0
2025-09-23,166.41000366210938,1116,186851.3316452689,0.0
2025-09-24,161.7100067138672,1117,186851.3316452689,0.0
2025-09-25,156.8300018310547,1118,186851.3316452689,0.0
2025-09-26,157.27000427246094,1119,186851.3316452689,0.0
2025-09-29,163.89999389648438,1120,186851.3316452689,0.0
2025-09-30,167.32000732421875,1121,186851.3316452689,0.0
2025-10-01,182.14999389648438,1122,186851.3316452689,0.0
2025-10-02,183.75,1123,185536.10914526889,-0.007038871430132043
2025-10-03,187.8300018310547,1124,189652.83099280306,0.0221882514756786
2025-10-06,190.9600067138672,1125,200962.7929329396,0.05963508101055304
2025-10-07,185.69000244140625,1126,200962.7929329396,0.0
2025-10-08,196.5399932861328,1127,200962.7929329396,0.0
2025-10-09,192.3300018310547,1128,200962.7929329396,0.0
2025-10-10,181.60000610351562,1129,200962.7929329396,0.0
2025-10-13,192.77000427246094,1130,200962.7929329396,0.0
2025-10-14,187.05999755859375,1131,200962.7929329396,0.0
2025-10-15,191.94000244140625,1132,200962.7929329396,0.0
2025-10-16,202.52999877929688,1133,200962.7929329396,0.0
2025-10-17,202.3800048828125,1134,200962.7929329396,0.0
2025-10-20,206.77000427246094,1135,200962.7929329396,0.0
2025-10-21,202.2899932861328,1136,198885.49373320816,-0.01033673532007795
2025-10-22,198.47000122070312,1137,195130.44153289078,-0.018880473029141753
2025-10-23,206.7100067138672,1138,203230.36693267105,0.041510311441666836
2025-10-24,219.02000427246094,1139,215331.0945327687,0.059541926645768184
2025-10-27,220.10000610351562,1140,216392.73633269547,0.004930276336682082
2025-10-28,221.91000366210938,1141,218171.96393279312,0.008222214988594434
2025-10-29,226.6300048828125,1142,221373.69803106596,0.014675277430509448
2025-10-30,224.00999450683594,1143,221373.69803106596,0.0
2025-10-31,223.77000427246094,1144,221373.69803106596,0.0
2025-11-03,234.6999969482422,1145,221373.69803106596,0.0
2025-11-04,218.02999877929688,1146,217168.48121524564,-0.018996009251425083
2025-11-05,237.5,1147,236560.60243106596,0.08929528404538534
2025-11-06,238.3300018310547,1148,241805.3284318248,0.022170750103188253
2025-11-07,237.9199981689453,1149,241805.3284318248,0.0
2025-11-10,253.3000030517578,1150,241805.3284318248,0.0
2025-11-11,241.11000061035156,1151,234648.69242569688,-0.029596684459109013
2025-11-12,244.89999389648438,1152,238336.3558931041,0.015715678742062256
2025-11-13,236.9499969482422,1153,230601.00886246446,-0.03245558992312958
2025-11-14,246.8300018310547,1154,240214.25361344102,0.04168778271351847
2025-11-17,241.9499969482422,1155,235466.00886246446,-0.019766706927464628
2025-11-18,228.5,1156,222501.7071840437,-0.055058060146563115
2025-11-19,225.9199981689453,1157,222501.7071840437,0.0
2025-11-20,201.3699951171875,1158,222501.7071840437,0.0
2025-11-21,207.3699951171875,1159,222501.7071840437,0.0
2025-11-24,223.92999267578125,1160,222501.7071840437,0.0
2025-11-25,224.52999877929688,1161,222501.7071840437,0.0
2025-11-26,230.25999450683594,1162,222501.7071840437,0.0
2025-11-28,236.47999572753906,1163,222501.7071840437,0.0
2025-12-01,240.4600067138672,1164,222501.7071840437,0.0
2025-12-02,239.49000549316406,1165,222501.7071840437,0.0
2025-12-03,234.16000366210938,1166,222501.7071840437,0.0
2025-12-04,226.64999389648438,1167,222501.7071840437,0.0
2025-12-05,237.22000122070312,1168,222501.7071840437,0.0
2025-12-08,246.9199981689453,1169,222501.7071840437,0.0
2025-12-09,252.4199981689453,1170,222501.7071840437,0.0
2025-12-10,263.7099914550781,1171,222501.7071840437,0.0
2025-12-11,258.4599914550781,1172,219780.01992086013,-0.0122322084519213
2025-12-12,241.13999938964844,1173,204876.02711032008,-0.06781322895460096
2025-12-15,237.5,1174,204876.02711032008,0.0
2025-12-16,232.50999450683594,1175,204876.02711032008,0.0
2025-12-17,225.52000427246094,1176,204876.02711032008,0.0
2025-12-18,248.5500030517578,1177,204876.02711032008,0.0
2025-12-19,265.9200134277344,1178,204876.02711032008,0.0
2025-12-22,276.5899963378906,1179,204359.45760768338,-0.0025213760239432004
2025-12-23,276.2699890136719,1180,204123.29220240994,-0.0011556372679693006
2025-12-24,286.67999267578125,1181,211805.87490504666,0.03763697234031782
2025-12-26,284.7900085449219,1182,210411.06661647244,-0.006585314449844781
2025-12-29,294.3699951171875,1183,217481.09670680447,0.03360103726492181
2025-12-30,292.6300048828125,1184,216196.98391383572,-0.005904480032579151
2025-12-31,285.4100036621094,1185,210868.6230129568,-0.024645861401112357
2026-01-02,315.4200134277344,1186,227216.76037610308,0.07752759575871915
2026-01-05,312.1499938964844,1187,227216.76037610308,0.0
2026-01-06,343.42999267578125,1188,227216.76037610308,0.0
2026-01-07,339.54998779296875,1189,227216.76037610308,0.0
2026-01-08,327.0199890136719,1190,227216.76037610308,0.0
2026-01-09,345.0899963378906,1191,227216.76037610308,0.0
2026-01-12,345.8699951171875,1192,227216.76037610308,0.0
2026-01-13,338.1300048828125,1193,227216.76037610308,0.0
2026-01-14,333.3500061035156,1194,227216.76037610308,0.0
2026-01-15,336.6300048828125,1195,227216.76037610308,0.0
2026-01-16,362.75,1196,227216.76037610308,0.0
2026-01-20,365.0,1197,227216.76037610308,0.0
2026-01-21,389.1099853515625,1198,227216.76037610308,0.0
2026-01-22,397.5799865722656,1199,227640.005095439,0.001862735471781951
2026-01-23,399.6499938964844,1200,228824.04928489213,0.00520138887256083
2026-01-26,389.0899963378906,1201,222783.7306813765,-0.026397219271280692
2026-01-27,410.239990234375,1202,234881.52719016557,0.054302872439510486
2026-01-28,435.2799987792969,1203,249204.41207786088,0.06097918835523908
2026-01-29,435.7900085449219,1204,249496.13766379838,0.0011706276927647696
2026-01-30,414.8800048828125,1205,259892.32989817992,0.04166875019280125
2026-02-02,437.79998779296875,1206,259892.32989817992,0.0
2026-02-03,419.44000244140625,1207,259892.32989817992,0.0
2026-02-04,379.3999938964844,1208,259892.32989817992,0.0
2026-02-05,382.8900146484375,1209,259892.32989817992,0.0
2026-02-06,394.69000244140625,1210,259892.32989817992,0.0
2026-02-09,383.5,1211,259892.32989817992,0.0
2026-02-10,373.25,1212,259892.32989817992,0.0
2026-02-11,410.3399963378906,1213,259892.32989817992,0.0
2026-02-12,413.9700012207031,1214,259892.32989817992,0.0
2026-02-13,411.6600036621094,1215,259892.32989817992,0.0
2026-02-17,399.7799987792969,1216,259892.32989817992,0.0
2026-02-18,420.95001220703125,1217,259892.32989817992,0.0
2026-02-19,417.3500061035156,1218,259892.32989817992,0.0
2026-02-20,428.1700134277344,1219,259892.32989817992,0.0
2026-02-23,420.9700012207031,1220,259892.32989817992,0.0
2026-02-24,418.010009765625,1221,259892.32989817992,0.0
2026-02-25,429.0,1222,259892.32989817992,0.0
2026-02-26,415.55999755859375,1223,259892.32989817992,0.0
2026-02-27,412.3699951171875,1224,259892.32989817992,0.0
2026-03-02,412.6700134277344,1225,259892.32989817992,0.0
2026-03-03,379.67999267578125,1226,259892.32989817992,0.0
2026-03-04,400.7699890136719,1227,259892.32989817992,0.0
2026-03-05,397.04998779296875,1228,259892.32989817992,0.0
2026-03-06,370.29998779296875,1229,259892.32989817992,0.0
2026-03-09,389.32000732421875,1230,259892.32989817992,0.0
2026-03-10,403.1099853515625,1231,259892.32989817992,0.0
2026-03-11,418.69000244140625,1232,259892.32989817992,0.0
2026-03-12,405.3500061035156,1233,259892.32989817992,0.0
2026-03-13,426.1300048828125,1234,259892.32989817992,0.0
2026-03-16,441.79998779296875,1235,259892.32989817992,0.0
2026-03-17,461.69000244140625,1236,265013.5350995471,0.019705103276320468
2026-03-18,461.7300109863281,1237,265036.5000043323,8.665559204934503e-05
2026-03-19,444.2699890136719,1238,255014.44739202756,-0.0378138581370524
2026-03-20,422.8999938964844,1239,242748.07019476194,-0.04810071477404898
2026-03-23,404.3500061035156,1240,237559.53800423618,-0.02137414392774739
2026-03-24,395.5299987792969,1241,237559.53800423618,0.0
2026-03-25,382.0899963378906,1242,237559.53800423618,0.0
2026-03-26,355.4599914550781,1243,237559.53800423618,0.0
2026-03-27,357.2200012207031,1244,237559.53800423618,0.0
2026-03-30,321.79998779296875,1245,237559.53800423618,0.0
2026-03-31,337.8399963378906,1246,237559.53800423618,0.0
2026-04-01,367.8500061035156,1247,237559.53800423618,0.0
2026-04-02,366.239990234375,1248,237559.53800423618,0.0
2026-04-06,377.760009765625,1249,237559.53800423618,0.0
2026-04-07,377.5799865722656,1250,237559.53800423618,0.0
2026-04-08,406.7300109863281,1251,237559.53800423618,0.0
2026-04-09,421.510009765625,1252,237559.53800423618,0.0
2026-04-10,420.5899963378906,1253,237559.53800423618,0.0
2026-04-13,426.55999755859375,1254,237559.53800423618,0.0
